id,user_id,complaint_number,title,crime_type,description,full_name,email,phone_number,incident_date_time,incident_location,estimated_loss,platform_website,account_reference,suspect_name,suspect_relationship,suspect_contact,suspect_details,system_details,technical_info,vulnerability_details,attack_vector,security_level,target_info,impact_assessment,content_description,status,priority,risk_score,assigned_unit,unit_id,assigned_officer,assigned_officer_id,ai_priority,ai_risk_score,ai_confidence_score,risk_factors,urgency_indicators,last_ai_assessment,ai_reasoning,ai_assessment_version,credibility_score,pattern_alert_shown,remarks,created_at,updated_at
390d8313-115e-4b58-b5b1-4582fd279a12,T0DOIxDuLHMyifzwUNX9i5BfrJs2,CYB-2025-001,Someone is posting fake nude photos of me,cyberbullying,"Someone is posting fake nude photos of me on Facebook and sending them
  to my classmates. They created multiple fake accounts to harass me and
  are threatening to send the photos to my family and teachers. This has
  been going on for 2 weeks. I'm getting bullied at school because of this
   and I'm afraid to go to classes. The person is demanding 10,000 pesos
  to stop posting the photos.",Jex Xejsss,jexxejs@gmail.com,+639551274816,2025-08-03 07:27:00+00,School,,Facebook,,Juan Dela Cruz,Friend/Ex-friend,jdc@gmail.com,"Tall, Dark, Handsome",,,,,,,,None,Pending,high,85,Cyber Crime Against Women and Children,2b16410e-989b-4306-9e5c-0e5d1b95ec82,Lucifer Morningstar,be6215ef-1218-4d45-b21c-5c34ebc6aa79,critical,92,90,"[""vulnerable_victim"",""ongoing_crime"",""strong_evidence"",""known_suspect"",""reputation_damage""]","[""immediate_threat"",""ongoing_victimization"",""vulnerable_population""]",2025-08-06 07:28:32.773609+00,"The case involves severe cyberbullying with explicit content and threats, directly impacting a vulnerable victim (student). The ongoing nature of the harassment, coupled with the demand for money (extortion), elevates the risk. Strong evidence (photos and videos) exists, and the suspect is known, increasing the likelihood of successful prosecution. The victim's fear and bullying at school indicate immediate psychological harm. The case requires immediate action to prevent further distribution of the images and to protect the victim. 

(Filipino) Ang kaso ay naglalaman ng matinding cyberbullying na may malalaswang larawan at pananakot, na direktang nakaaapekto sa isang biktima na vulnerable (estudyante). Ang patuloy na pangha-harass, kasama ang paghingi ng pera (extortion), ay nagpapataas ng peligro. Mayroong matibay na ebidensya (mga litrato at video), at kilala ang suspek, na nagpapataas ng posibilidad ng matagumpay na pag-uusig. Ang takot ng biktima at pambu-bully sa paaralan ay nagpapahiwatig ng agarang sikolohikal na pinsala. Kailangan ng agarang aksyon upang maiwasan ang karagdagang pagpapakalat ng mga larawan at upang protektahan ang biktima.",1.0,,false,,2025-08-06 07:28:35.038542+00,2025-08-06 07:28:35.038542+00
3ee9e54a-72d9-4997-98b8-5836773ff064,T0DOIxDuLHMyifzwUNX9i5BfrJs2,CYB-2025-004,My father force my sibling to send nudes,sextortion,My father force my sibling to send nudes in the stranger to get 10000 pesos,Jex Xejsss,jexxejs@gmail.com,+639551274816,2025-08-03 04:44:00+00,House,,Telegram,,Juan Dela Cruz,Family Member,jdc@gmail.com,"Tall, Dark",,,,,,,,Porn,Pending,high,85,Cyber Crime Against Women and Children,2b16410e-989b-4306-9e5c-0e5d1b95ec82,Lucifer Morningstar,be6215ef-1218-4d45-b21c-5c34ebc6aa79,critical,92,90,"[""vulnerable_victim"",""known_suspect"",""strong_evidence"",""ongoing_victimization""]","[""immediate_threat"",""evidence_degradation"",""vulnerable_population""]",2025-08-07 04:45:45.734963+00,"The crime involves sextortion of a sibling by their father, making the victim highly vulnerable. The suspect is known and identified, facilitating immediate investigation. The presence of three JPG files as evidence, despite a moderate quality score, provides a solid starting point. The description indicates an ongoing crime and potential for further exploitation. The familial relationship increases the urgency due to the power dynamic and potential for continued abuse. The case falls under Cyber Crime Against Women and Children, highlighting the need for specialized handling. The risk score is high due to the severity of sextortion, the familial relationship, and the presence of evidence. 

(Filipino) Ang krimen ay may kinalaman sa sextortion ng isang kapatid ng kanilang ama, na nagiging lubhang mahina ang biktima. Kilala at natukoy ang suspek, na nagpapadali sa agarang imbestigasyon. Ang pagkakaroon ng tatlong JPG files bilang ebidensya, sa kabila ng katamtamang kalidad, ay nagbibigay ng matibay na panimulang punto. Ipinapahiwatig ng paglalarawan ang isang patuloy na krimen at potensyal para sa karagdagang pagsasamantala. Ang relasyon ng pamilya ay nagpapataas ng pagkaapurahan dahil sa dinamika ng kapangyarihan at potensyal para sa patuloy na pang-aabuso. Ang kaso ay nasa ilalim ng Cyber Crime Against Women and Children, na nagbibigay-diin sa pangangailangan para sa espesyal na paghawak. Mataas ang risk score dahil sa kalubhaan ng sextortion, ang relasyon ng pamilya, at ang pagkakaroon ng ebidensya.",1.0,,true,,2025-08-07 04:45:48.695312+00,2025-08-07 04:45:48.695312+00
7593b7cd-8c89-4afc-88dc-b77155d36758,T0DOIxDuLHMyifzwUNX9i5BfrJs2,CYB-2025-002,My sibling use my identity as a joke,identityTheft,My sibling use my identity as a joke but it's good now we are friend,Jex Xejsss,jexxejs@gmail.com,+639551274816,2025-08-01 20:48:00+00,Digos,,,81711727,,,,,,Nothing,Nothing,,Public,,Nothing,,Pending,low,25,Cyber Security Division,ba6c526b-1b48-4d82-b1e0-69d8ad3d5fce,Cardo Dalisay,2790f3f1-8133-4ddc-803a-b2c2cd6b49f5,low,30,80,"[""identity_theft_risk"",""known_suspect""]",[],2025-08-06 20:49:27.18363+00,"The reported incident involves identity theft, but the description indicates the issue has been resolved between siblings. No financial loss was reported. The evidence quality score is moderate (55), suggesting the images might not be highly probative. The suspect is known (sibling), which simplifies the investigation if further action is needed. The absence of financial loss or ongoing harm lowers the urgency. However, the incident still constitutes identity theft, warranting documentation. 

(Filipino Translation) Ang insidente ay tungkol sa pagnanakaw ng pagkakakilanlan, pero ang deskripsyon ay nagpapakita na naayos na ang problema sa pagitan ng magkapatid. Walang naiulat na pagkawala ng pera. Ang kalidad ng ebidensya ay katamtaman (55), kaya ang mga imahe ay maaaring hindi gaanong makapagpatunay. Kilala ang suspek (kapatid), kaya mas madali ang imbestigasyon kung kailangan ng karagdagang aksyon. Dahil walang pagkawala ng pera o patuloy na pinsala, mababa ang pagkaapurado. Gayunpaman, ang insidente ay pagnanakaw pa rin ng pagkakakilanlan, kaya kailangang idokumento.",1.0,,false,,2025-08-06 20:49:29.793646+00,2025-08-06 20:49:29.793646+00
9b020775-c331-46fb-8a78-1df19aedc0b8,T0DOIxDuLHMyifzwUNX9i5BfrJs2,CYB-2025-003,My ex-boyfriend who I broke up with last,cyberbullying,"My ex-boyfriend who I broke up with last month. He has access     
   to my private photos from when we were together.",Jex Xejsss,jexxejs@gmail.com,+639551274816,2025-08-03 20:51:00+00,Work,,Facebook,,Juan Dela Cruz,Acquaintance,jdc@gmail.com,None,,,,,,,,Sex hacker,Pending,high,75,Cyber Crime Against Women and Children,2b16410e-989b-4306-9e5c-0e5d1b95ec82,Lucifer Morningstar,be6215ef-1218-4d45-b21c-5c34ebc6aa79,critical,85,85,"[""vulnerable_victim"",""known_suspect"",""reputation_damage"",""ongoing_crime""]","[""ongoing_victimization"",""evidence_degradation"",""immediate_threat""]",2025-08-06 20:52:08.358905+00,"The case involves cyberbullying with the potential for reputational damage and emotional distress to the victim. The suspect is known and has access to private photos, indicating a high likelihood of further harassment or exploitation. The incident occurred recently, and the victim reports the location as 'Work', suggesting potential professional impact. While no financial loss is reported, the nature of the crime and the victim's vulnerability elevate the risk. The evidence quality score is moderate, but the existence of image files strengthens the case. The fact that the crime falls under 'Cyber Crime Against Women and Children' further increases the priority. The urgency stems from the potential for the suspect to disseminate the photos further, causing irreparable harm. 

(Filipino Translation) Ang kaso ay tungkol sa cyberbullying na may potensyal na makasira sa reputasyon at magdulot ng emosyonal na pagkabahala sa biktima. Ang suspek ay kilala at may access sa mga pribadong litrato, na nagpapahiwatig ng mataas na posibilidad ng karagdagang panliligalig o pagsasamantala. Ang insidente ay nangyari kamakailan, at iniulat ng biktima ang lokasyon bilang 'Trabaho', na nagmumungkahi ng potensyal na epekto sa propesyon. Bagama't walang naiulat na pagkalugi sa pananalapi, ang likas na katangian ng krimen at ang kahinaan ng biktima ay nagpapataas ng panganib. Ang marka ng kalidad ng ebidensya ay katamtaman, ngunit ang pagkakaroon ng mga file ng imahe ay nagpapalakas sa kaso. Ang katotohanan na ang krimen ay nasa ilalim ng 'Cyber Crime Against Women and Children' ay lalong nagpapataas ng prayoridad. Ang pagkaapurahan ay nagmumula sa potensyal para sa suspek na ipalaganap pa ang mga litrato, na nagdudulot ng hindi na maibabalik na pinsala.",1.0,,true,,2025-08-06 20:52:11.805256+00,2025-08-06 20:52:11.805256+00